Workbook

Sheet Progreso
A1: PROYECTO CATALAXIA · TABLERO DE PROGRESO
A2: Screener AR + US · 34 tareas · 108 puntos · 4 sprints (un sábado por sprint)
A4: 34 | B4: 108 | C4: 4 | D4: 4 | E4: Progreso global
A5: Tareas | B5: Puntos | C5: Sprints | D5: Equipo | E5: =('Sprint 1'!H15+'Sprint 2'!H11+'Sprint 3'!H13+'Sprint 4'!H11)/108
E6: pts hechos / 108
A8: POR SPRINT
A9: Sprint | B9: Semana | C9: Objetivo (resumen) | D9: Puntos | E9: Pts ✓ | F9: %
A10: Sprint 1 | B10: Sem 1 | C10: Fundamentos | D10: ='Sprint 1'!F15 | E10: ='Sprint 1'!H15 | F10: ='Sprint 1'!H15/'Sprint 1'!F15
A11: Sprint 2 | B11: Sem 2 | C11: Datos reales | D11: ='Sprint 2'!F11 | E11: ='Sprint 2'!H11 | F11: ='Sprint 2'!H11/'Sprint 2'!F11
A12: Sprint 3 | B12: Sem 3 | C12: Funcionalidad | D12: ='Sprint 3'!F13 | E12: ='Sprint 3'!H13 | F12: ='Sprint 3'!H13/'Sprint 3'!F13
A13: Sprint 4 | B13: Sem 4 | C13: QA + entrega | D13: ='Sprint 4'!F11 | E13: ='Sprint 4'!H11 | F13: ='Sprint 4'!H11/'Sprint 4'!F11
A15: POR RESPONSABLE
A16: Responsable | B16: Rol | D16: Puntos | E16: Pts ✓ | F16: %
A17: Federico | B17: Tech Lead · Infra · Datos · QA | D17: =SUMIF('Sprint 1'!D:D,"Federico",'Sprint 1'!F:F)+SUMIF('Sprint 2'!D:D,"Federico",'Sprint 2'!F:F)+SUMIF('Sprint 3'!D:D,"Federico",'Sprint 3'!F:F)+SUMIF('Sprint 4'!D:D,"Federico",'Sprint 4'!F:F) | E17: =SUMIF('Sprint 1'!D:D,"Federico",'Sprint 1'!H:H)+SUMIF('Sprint 2'!D:D,"Federico",'Sprint 2'!H:H)+SUMIF('Sprint 3'!D:D,"Federico",'Sprint 3'!H:H)+SUMIF('Sprint 4'!D:D,"Federico",'Sprint 4'!H:H) | F17: =IF(D17=0,0,E17/D17)
A18: Mateo | B18: Backend · Jobs | D18: =SUMIF('Sprint 1'!D:D,"Mateo",'Sprint 1'!F:F)+SUMIF('Sprint 2'!D:D,"Mateo",'Sprint 2'!F:F)+SUMIF('Sprint 3'!D:D,"Mateo",'Sprint 3'!F:F)+SUMIF('Sprint 4'!D:D,"Mateo",'Sprint 4'!F:F) | E18: =SUMIF('Sprint 1'!D:D,"Mateo",'Sprint 1'!H:H)+SUMIF('Sprint 2'!D:D,"Mateo",'Sprint 2'!H:H)+SUMIF('Sprint 3'!D:D,"Mateo",'Sprint 3'!H:H)+SUMIF('Sprint 4'!D:D,"Mateo",'Sprint 4'!H:H) | F18: =IF(D18=0,0,E18/D18)
A19: Joaquín | B19: Frontend Screener | D19: =SUMIF('Sprint 1'!D:D,"Joaquín",'Sprint 1'!F:F)+SUMIF('Sprint 2'!D:D,"Joaquín",'Sprint 2'!F:F)+SUMIF('Sprint 3'!D:D,"Joaquín",'Sprint 3'!F:F)+SUMIF('Sprint 4'!D:D,"Joaquín",'Sprint 4'!F:F) | E19: =SUMIF('Sprint 1'!D:D,"Joaquín",'Sprint 1'!H:H)+SUMIF('Sprint 2'!D:D,"Joaquín",'Sprint 2'!H:H)+SUMIF('Sprint 3'!D:D,"Joaquín",'Sprint 3'!H:H)+SUMIF('Sprint 4'!D:D,"Joaquín",'Sprint 4'!H:H) | F19: =IF(D19=0,0,E19/D19)
A20: Aldana | B20: Frontend Detalle | D20: =SUMIF('Sprint 1'!D:D,"Aldana",'Sprint 1'!F:F)+SUMIF('Sprint 2'!D:D,"Aldana",'Sprint 2'!F:F)+SUMIF('Sprint 3'!D:D,"Aldana",'Sprint 3'!F:F)+SUMIF('Sprint 4'!D:D,"Aldana",'Sprint 4'!F:F) | E20: =SUMIF('Sprint 1'!D:D,"Aldana",'Sprint 1'!H:H)+SUMIF('Sprint 2'!D:D,"Aldana",'Sprint 2'!H:H)+SUMIF('Sprint 3'!D:D,"Aldana",'Sprint 3'!H:H)+SUMIF('Sprint 4'!D:D,"Aldana",'Sprint 4'!H:H) | F20: =IF(D20=0,0,E20/D20)
A22: POR ÉPICA
A23: Épica | D23: Puntos | E23: Pts ✓ | F23: %
A24: Backend | D24: =SUMIF('Sprint 1'!C:C,"Backend",'Sprint 1'!F:F)+SUMIF('Sprint 2'!C:C,"Backend",'Sprint 2'!F:F)+SUMIF('Sprint 3'!C:C,"Backend",'Sprint 3'!F:F)+SUMIF('Sprint 4'!C:C,"Backend",'Sprint 4'!F:F) | E24: =SUMIF('Sprint 1'!C:C,"Backend",'Sprint 1'!H:H)+SUMIF('Sprint 2'!C:C,"Backend",'Sprint 2'!H:H)+SUMIF('Sprint 3'!C:C,"Backend",'Sprint 3'!H:H)+SUMIF('Sprint 4'!C:C,"Backend",'Sprint 4'!H:H) | F24: =IF(D24=0,0,E24/D24)
A25: Screener | D25: =SUMIF('Sprint 1'!C:C,"Screener",'Sprint 1'!F:F)+SUMIF('Sprint 2'!C:C,"Screener",'Sprint 2'!F:F)+SUMIF('Sprint 3'!C:C,"Screener",'Sprint 3'!F:F)+SUMIF('Sprint 4'!C:C,"Screener",'Sprint 4'!F:F) | E25: =SUMIF('Sprint 1'!C:C,"Screener",'Sprint 1'!H:H)+SUMIF('Sprint 2'!C:C,"Screener",'Sprint 2'!H:H)+SUMIF('Sprint 3'!C:C,"Screener",'Sprint 3'!H:H)+SUMIF('Sprint 4'!C:C,"Screener",'Sprint 4'!H:H) | F25: =IF(D25=0,0,E25/D25)
A26: Detalle | D26: =SUMIF('Sprint 1'!C:C,"Detalle",'Sprint 1'!F:F)+SUMIF('Sprint 2'!C:C,"Detalle",'Sprint 2'!F:F)+SUMIF('Sprint 3'!C:C,"Detalle",'Sprint 3'!F:F)+SUMIF('Sprint 4'!C:C,"Detalle",'Sprint 4'!F:F) | E26: =SUMIF('Sprint 1'!C:C,"Detalle",'Sprint 1'!H:H)+SUMIF('Sprint 2'!C:C,"Detalle",'Sprint 2'!H:H)+SUMIF('Sprint 3'!C:C,"Detalle",'Sprint 3'!H:H)+SUMIF('Sprint 4'!C:C,"Detalle",'Sprint 4'!H:H) | F26: =IF(D26=0,0,E26/D26)
A27: Infra | D27: =SUMIF('Sprint 1'!C:C,"Infra",'Sprint 1'!F:F)+SUMIF('Sprint 2'!C:C,"Infra",'Sprint 2'!F:F)+SUMIF('Sprint 3'!C:C,"Infra",'Sprint 3'!F:F)+SUMIF('Sprint 4'!C:C,"Infra",'Sprint 4'!F:F) | E27: =SUMIF('Sprint 1'!C:C,"Infra",'Sprint 1'!H:H)+SUMIF('Sprint 2'!C:C,"Infra",'Sprint 2'!H:H)+SUMIF('Sprint 3'!C:C,"Infra",'Sprint 3'!H:H)+SUMIF('Sprint 4'!C:C,"Infra",'Sprint 4'!H:H) | F27: =IF(D27=0,0,E27/D27)
A28: Datos | D28: =SUMIF('Sprint 1'!C:C,"Datos",'Sprint 1'!F:F)+SUMIF('Sprint 2'!C:C,"Datos",'Sprint 2'!F:F)+SUMIF('Sprint 3'!C:C,"Datos",'Sprint 3'!F:F)+SUMIF('Sprint 4'!C:C,"Datos",'Sprint 4'!F:F) | E28: =SUMIF('Sprint 1'!C:C,"Datos",'Sprint 1'!H:H)+SUMIF('Sprint 2'!C:C,"Datos",'Sprint 2'!H:H)+SUMIF('Sprint 3'!C:C,"Datos",'Sprint 3'!H:H)+SUMIF('Sprint 4'!C:C,"Datos",'Sprint 4'!H:H) | F28: =IF(D28=0,0,E28/D28)
A29: Jobs | D29: =SUMIF('Sprint 1'!C:C,"Jobs",'Sprint 1'!F:F)+SUMIF('Sprint 2'!C:C,"Jobs",'Sprint 2'!F:F)+SUMIF('Sprint 3'!C:C,"Jobs",'Sprint 3'!F:F)+SUMIF('Sprint 4'!C:C,"Jobs",'Sprint 4'!F:F) | E29: =SUMIF('Sprint 1'!C:C,"Jobs",'Sprint 1'!H:H)+SUMIF('Sprint 2'!C:C,"Jobs",'Sprint 2'!H:H)+SUMIF('Sprint 3'!C:C,"Jobs",'Sprint 3'!H:H)+SUMIF('Sprint 4'!C:C,"Jobs",'Sprint 4'!H:H) | F29: =IF(D29=0,0,E29/D29)
A30: QA | D30: =SUMIF('Sprint 1'!C:C,"QA",'Sprint 1'!F:F)+SUMIF('Sprint 2'!C:C,"QA",'Sprint 2'!F:F)+SUMIF('Sprint 3'!C:C,"QA",'Sprint 3'!F:F)+SUMIF('Sprint 4'!C:C,"QA",'Sprint 4'!F:F) | E30: =SUMIF('Sprint 1'!C:C,"QA",'Sprint 1'!H:H)+SUMIF('Sprint 2'!C:C,"QA",'Sprint 2'!H:H)+SUMIF('Sprint 3'!C:C,"QA",'Sprint 3'!H:H)+SUMIF('Sprint 4'!C:C,"QA",'Sprint 4'!H:H) | F30: =IF(D30=0,0,E30/D30)

Sheet Sprint 1
A1: SPRINT 1 · SEMANA 1 — 38 pts · 11 tareas
A2: Objetivo: Fundamentos navegables: infra + API base + fronts contra mocks del contrato.
A3: ID | B3: Tarea | C3: Épica | D3: Responsable | E3: Prioridad | F3: Puntos | G3: Avance | H3: Pts ✓ | I3: Estado | J3: Notas
A4: S1-01 | B4: Definir contrato de API + entregar mocks (día 1) | C4: Backend | D4: Federico | E4: Muy alta | F4: 3 | G4: 0 | H4: =F4*G4 | I4: Pendiente
A5: S1-02 | B5: Esquema PostgreSQL (empresas + instrumentos) | C5: Datos | D5: Federico | E5: Alta | F5: 3 | G5: 0 | H5: =F5*G5 | I5: Pendiente
A6: S1-03 | B6: Migrar/cargar 572 empresas + 733 instrumentos a Postgres | C6: Datos | D6: Federico | E6: Alta | F6: 5 | G6: 0 | H6: =F6*G6 | I6: Pendiente
A7: S1-04 | B7: Configurar Postgres en la VPS + backups diarios | C7: Infra | D7: Federico | E7: Alta | F7: 3 | G7: 0 | H7: =F7*G7 | I7: Pendiente
A8: S1-05 | B8: Deploy API base + HTTPS (nginx/certbot) + CORS | C8: Infra | D8: Federico | E8: Alta | F8: 5 | G8: 0 | H8: =F8*G8 | I8: Pendiente
A9: S1-06 | B9: Scaffold FastAPI + conexión Postgres async | C9: Backend | D9: Mateo | E9: Alta | F9: 3 | G9: 0 | H9: =F9*G9 | I9: Pendiente
A10: S1-07 | B10: GET /empresas + GET /cobertura + /health | C10: Backend | D10: Mateo | E10: Alta | F10: 5 | G10: 0 | H10: =F10*G10 | I10: Pendiente
A11: S1-08 | B11: Scaffold Next.js + layout (sidebar/topbar) | C11: Screener | D11: Joaquín | E11: Alta | F11: 3 | G11: 0 | H11: =F11*G11 | I11: Pendiente
A12: S1-09 | B12: Tabla screener contra mocks del contrato | C12: Screener | D12: Joaquín | E12: Media | F12: 3 | G12: 0 | H12: =F12*G12 | I12: Pendiente
A13: S1-10 | B13: Base del front + ruta detalle contra mocks | C13: Detalle | D13: Aldana | E13: Media | F13: 3 | G13: 0 | H13: =F13*G13 | I13: Pendiente
A14: S1-11 | B14: Componentes base (cards, chips, tabla) | C14: Detalle | D14: Aldana | E14: Media | F14: 2 | G14: 0 | H14: =F14*G14 | I14: Pendiente
A15: TOTAL | F15: =SUM(F4:F14) | H15: =SUM(H4:H14) | I15: =IF(F15=0,0,H15/F15)

Sheet Sprint 2
A1: SPRINT 2 · SEMANA 2 — 25 pts · 7 tareas
A2: Objetivo: Datos reales conectados: front consume la API (572 empresas, doble moneda) + panel de instrumentos.
A3: ID | B3: Tarea | C3: Épica | D3: Responsable | E3: Prioridad | F3: Puntos | G3: Avance | H3: Pts ✓ | I3: Estado | J3: Notas
A4: S2-01 | B4: GET /empresas/{id} (fundamentales + instrumentos anidados) | C4: Backend | D4: Mateo | E4: Alta | F4: 5 | G4: 0 | H4: =F4*G4 | I4: Pendiente
A5: S2-02 | B5: GET /instrumentos con filtros + paginación | C5: Backend | D5: Mateo | E5: Media | F5: 3 | G5: 0 | H5: =F5*G5 | I5: Pendiente
A6: S2-03 | B6: Verificar 733 instrumentos + dividendos ADR en Postgres | C6: Datos | D6: Federico | E6: Media | F6: 3 | G6: 0 | H6: =F6*G6 | I6: Pendiente
A7: S2-04 | B7: Asistir a frontends a consumir la VPS (CORS/staging) | C7: Infra | D7: Federico | E7: Alta | F7: 2 | G7: 0 | H7: =F7*G7 | I7: Pendiente
A8: S2-05 | B8: Screener contra API real + toggle ARS/USD | C8: Screener | D8: Joaquín | E8: Alta | F8: 5 | G8: 0 | H8: =F8*G8 | I8: Pendiente
A9: S2-06 | B9: Sorting + paginación server-side (screener) | C9: Screener | D9: Joaquín | E9: Media | F9: 2 | G9: 0 | H9: =F9*G9 | I9: Pendiente
A10: S2-07 | B10: Detalle contra API real + panel de instrumentos | C10: Detalle | D10: Aldana | E10: Alta | F10: 5 | G10: 0 | H10: =F10*G10 | I10: Pendiente
A11: TOTAL | F11: =SUM(F4:F10) | H11: =SUM(H4:H10) | I11: =IF(F11=0,0,H11/F11)

Sheet Sprint 3
A1: SPRINT 3 · SEMANA 3 — 26 pts · 9 tareas
A2: Objetivo: Funcionalidad completa: filtros, export, jobs en vivo, CEDEAR/ADR y comparador.
A3: ID | B3: Tarea | C3: Épica | D3: Responsable | E3: Prioridad | F3: Puntos | G3: Avance | H3: Pts ✓ | I3: Estado | J3: Notas
A4: S3-01 | B4: Filtros compuestos en /empresas (per, roe, solo_limpias) | C4: Backend | D4: Mateo | E4: Alta | F4: 3 | G4: 0 | H4: =F4*G4 | I4: Pendiente
A5: S3-02 | B5: POST /jobs/{tipo} + GET /jobs/{id}/status | C5: Jobs | D5: Mateo | E5: Media | F5: 3 | G5: 0 | H5: =F5*G5 | I5: Pendiente
A6: S3-03 | B6: Scheduler de jobs en la VPS (precios/financials) | C6: Jobs | D6: Federico | E6: Media | F6: 3 | G6: 0 | H6: =F6*G6 | I6: Pendiente
A7: S3-04 | B7: Filtros min/max + filtro por flag de calidad | C7: Screener | D7: Joaquín | E7: Alta | F7: 3 | G7: 0 | H7: =F7*G7 | I7: Pendiente
A8: S3-05 | B8: Export CSV del screener | C8: Screener | D8: Joaquín | E8: Media | F8: 2 | G8: 0 | H8: =F8*G8 | I8: Pendiente
A9: S3-06 | B9: Panel de jobs en vivo (polling) | C9: Screener | D9: Joaquín | E9: Media | F9: 3 | G9: 0 | H9: =F9*G9 | I9: Pendiente
A10: S3-07 | B10: Dividendos ADR + yield (detalle) | C10: Detalle | D10: Aldana | E10: Media | F10: 3 | G10: 0 | H10: =F10*G10 | I10: Pendiente
A11: S3-08 | B11: Vista CEDEAR (precio con ratio de conversión) | C11: Detalle | D11: Aldana | E11: Alta | F11: 3 | G11: 0 | H11: =F11*G11 | I11: Pendiente
A12: S3-09 | B12: Comparador (mismo universo) + chips de provenance | C12: Detalle | D12: Aldana | E12: Media | F12: 3 | G12: 0 | H12: =F12*G12 | I12: Pendiente
A13: TOTAL | F13: =SUM(F4:F12) | H13: =SUM(H4:H12) | I13: =IF(F13=0,0,H13/F13)

Sheet Sprint 4
A1: SPRINT 4 · SEMANA 4 — 19 pts · 7 tareas
A2: Objetivo: QA + entrega: tests, hardening, estados/responsive, walkthrough + deploy productivo.
A3: ID | B3: Tarea | C3: Épica | D3: Responsable | E3: Prioridad | F3: Puntos | G3: Avance | H3: Pts ✓ | I3: Estado | J3: Notas
A4: S4-01 | B4: Tests de endpoints + manejo de errores | C4: Backend | D4: Mateo | E4: Alta | F4: 3 | G4: 0 | H4: =F4*G4 | I4: Pendiente
A5: S4-02 | B5: openapi.json documentado | C5: Backend | D5: Mateo | E5: Media | F5: 2 | G5: 0 | H5: =F5*G5 | I5: Pendiente
A6: S4-03 | B6: Hardening infra + backups verificados + deploy prod | C6: Infra | D6: Federico | E6: Alta | F6: 3 | G6: 0 | H6: =F6*G6 | I6: Pendiente
A7: S4-04 | B7: QA de integración end-to-end (checklist) | C7: QA | D7: Federico | E7: Muy alta | F7: 3 | G7: 0 | H7: =F7*G7 | I7: Pendiente
A8: S4-05 | B8: Estados vacío/loading/error + responsive (screener) | C8: Screener | D8: Joaquín | E8: Alta | F8: 3 | G8: 0 | H8: =F8*G8 | I8: Pendiente
A9: S4-06 | B9: Estados + responsive + disclaimers (detalle) | C9: Detalle | D9: Aldana | E9: Alta | F9: 3 | G9: 0 | H9: =F9*G9 | I9: Pendiente
A10: S4-07 | B10: Walkthrough de entrega + README de operación | C10: QA | D10: Federico | E10: Alta | F10: 2 | G10: 0 | H10: =F10*G10 | I10: Pendiente
A11: TOTAL | F11: =SUM(F4:F10) | H11: =SUM(H4:H10) | I11: =IF(F11=0,0,H11/F11)
